"Date";"StoreID";"StoreName";"ProductID";"ProductName";"Color";"Size";"Manufacturer";"OnHandQuantity";"OnOrderQuantity";"SafetyStockQuantity";"UnitCost";"DaysInStock";"MinDayInStock";"MaxDayInStock"
"2009-01-03";"1";"Contoso Seattle No.1 Store";"6";"Contoso 2G MP3 Player E200 Black";"Black";"1.6 x 0.4 x 3.7";"Contoso, Ltd";"19";"0";"24";"11.0000";"60";"43";"76"
"2009-01-03";"1";"Contoso Seattle No.1 Store";"29";"Contoso 32GB Video MP3 Player M3200 White";"White";"1 x 1.6 x 3.7";"Contoso, Ltd";"19";"0";"12";"84.4900";"58";"11";"97"
"2009-01-03";"1";"Contoso Seattle No.1 Store";"31";"Contoso 32GB Video MP3 Player M3200 Orange";"Orange";"2.6 x 2.5 x 0.6";"Contoso, Ltd";"19";"0";"6";"84.4900";"63";"17";"111"
"2009-01-03";"1";"Contoso Seattle No.1 Store";"51";"WWI 2GB Pulse Smart pen M100 Blue";"Blue";"6 x 0.5 x 0.5";"Wide World Importers";"19";"0";"6";"91.9500";"79";"12";"86"
"2009-01-03";"1";"Contoso Seattle No.1 Store";"54";"WWI 4GB Video Recording Pen X200 Red";"Red";"5.1  x 2.4  x 3.9 ";"Wide World Importers";"23";"4";"18";"98.0700";"30";"30";"71"
"2009-01-03";"1";"Contoso Seattle No.1 Store";"78";"NT Wireless Bluetooth Stereo Headphones E302 Silver";"Silver";"5.5x 6.5 x 2.5";"Northwind Traders";"19";"0";"6";"18.6500";"70";"29";"60"
"2009-01-03";"1";"Contoso Seattle No.1 Store";"90";"NT Wireless Transmitter and Bluetooth Headphones M150 Silver";"Silver";"4.5 x 8.4 x 2.6";"Northwind Traders";"19";"0";"6";"49.6900";"25";"47";"83"
"2009-01-03";"1";"Contoso Seattle No.1 Store";"93";"WWI Stereo Bluetooth Headphones E1000 Blue";"Blue";"12.2 x 8.8 x 5.5";"Wide World Importers";"21";"6";"12";"34.3600";"30";"23";"68"
"2009-01-03";"1";"Contoso Seattle No.1 Store";"102";"WWI Wireless Bluetooth Stereo Headphones M270 Silver";"Silver";"7 x 5 x 1.5";"Wide World Importers";"19";"0";"18";"52.8800";"42";"42";"102"
"2009-01-03";"1";"Contoso Seattle No.1 Store";"113";"WWI Wireless Transmitter and Bluetooth Headphones X250 White";"White";"5.3 x 2 x 7.4";"Wide World Importers";"22";"3";"12";"82.8300";"31";"49";"101"
"2009-01-03";"1";"Contoso Seattle No.1 Store";"171";"SV 16xDVD E340 Black";"Black";"N/A";"Southridge Video";"19";"0";"3";"45.5300";"77";"53";"77"
"2009-01-03";"1";"Contoso Seattle No.1 Store";"222";"Litware Home Theater System 5.1 Channel M515 Silver";"Silver";"23 x 20 x 19";"Litware, Inc.";"19";"0";"3";"261.6600";"43";"17";"112"
"2009-01-03";"1";"Contoso Seattle No.1 Store";"240";"Contoso Home Theater System 2.1 Channel E1200 Black";"Black";"21 x 17.5 x 16.2";"Contoso, Ltd";"27";"13";"9";"152.4400";"77";"44";"107"
"2009-01-03";"1";"Contoso Seattle No.1 Store";"253";"Contoso Home Theater System 2.1 Channel E1200 Silver";"Silver";"20.2 x 30.7 x 31.2";"Contoso, Ltd";"14";"0";"6";"152.4400";"40";"48";"89"
"2009-01-03";"1";"Contoso Seattle No.1 Store";"259";"Contoso Home Theater System 4.1 Channel M1410 Silver";"Silver";"20 x 43 x 17";"Contoso, Ltd";"19";"0";"9";"167.7300";"46";"43";"83"
"2009-01-03";"1";"Contoso Seattle No.1 Store";"265";"Contoso Home Theater System 2.1 Channel M1230 Silver";"Silver";"17 x 16.3 x 3.3";"Contoso, Ltd";"22";"3";"3";"183.5400";"55";"45";"72"
"2009-01-03";"1";"Contoso Seattle No.1 Store";"273";"Contoso Home Theater System 5.1 Channel M1520 White";"White";"20.3 x 21.8 x 12.2";"Contoso, Ltd";"12";"0";"9";"155.8900";"69";"16";"85"
"2009-01-03";"1";"Contoso Seattle No.1 Store";"316";"SV Car Video AM/FM E1001 Silver";"Silver";"N/A";"Southridge Video";"12";"0";"3";"111.6500";"26";"43";"103"
"2009-01-03";"1";"Contoso Seattle No.1 Store";"327";"SV Car Video TFT6.2W E6280 Brown";"Brown";"N/A";"Southridge Video";"22";"3";"9";"142.2400";"54";"43";"87"
"2009-01-03";"1";"Contoso Seattle No.1 Store";"374";"Adventure Works Laptop19W X1980 Silver";"Silver";"N/A";"Adventure Works";"14";"0";"6";"430.3800";"66";"50";"78"
"2009-01-03";"1";"Contoso Seattle No.1 Store";"386";"Adventure Works Laptop19W X1980 Blue";"Blue";"N/A";"Adventure Works";"19";"0";"3";"430.3800";"42";"22";"86"
"2009-01-03";"1";"Contoso Seattle No.1 Store";"388";"Adventure Works Laptop12 M1201 Blue";"Blue";"N/A";"Adventure Works";"19";"0";"12";"195.2400";"42";"34";"81"
"2009-01-03";"1";"Contoso Seattle No.1 Store";"414";"Proseware Laptop15.4W M518 White";"White";"N/A";"Proseware, Inc.";"13";"0";"6";"348.5800";"37";"52";"112"
"2009-01-03";"1";"Contoso Seattle No.1 Store";"456";"WWI Desktop PC2.30 M2300 White";"White";"N/A";"Wide World Importers";"15";"0";"6";"257.0600";"33";"31";"85"
"2009-01-03";"1";"Contoso Seattle No.1 Store";"466";"Proseware LCD20W M230 Black";"Black";"N/A";"Proseware, Inc.";"21";"0";"3";"128.3000";"39";"37";"110"
"2009-01-03";"1";"Contoso Seattle No.1 Store";"484";"Proseware LCD17W E202 White";"White";"N/A";"Proseware, Inc.";"19";"0";"9";"65.7700";"32";"35";"97"
"2009-01-03";"1";"Contoso Seattle No.1 Store";"505";"Adventure Works LCD22 M200 White";"White";"N/A";"Adventure Works";"19";"0";"3";"205.0900";"58";"34";"84"
"2009-01-03";"1";"Contoso Seattle No.1 Store";"517";"WWI LCD24 X300 Black";"Black";"N/A";"Wide World Importers";"19";"0";"3";"271.3500";"47";"15";"76"
"2009-01-03";"1";"Contoso Seattle No.1 Store";"563";"Proseware Projector 1080p LCD86 Silver";"Silver";"9.6 x 12.9 x 4";"Proseware, Inc.";"19";"0";"6";"760.3800";"56";"27";"67"
"2009-01-03";"1";"Contoso Seattle No.1 Store";"574";"Proseware Screen 80in E1010 Silver";"Silver";"0.9 x 2 x 4.5";"Proseware, Inc.";"19";"0";"6";"55.5700";"60";"19";"86"
"2009-01-03";"1";"Contoso Seattle No.1 Store";"575";"Contoso Projector 1080p X980 Black";"Black";"4.1 x 2 x 0.6";"Contoso, Ltd";"19";"0";"3";"760.3800";"61";"17";"93"
"2009-01-03";"1";"Contoso Seattle No.1 Store";"583";"Contoso Screen 106in M060 Black";"Black";"12 x 9 x 4";"Contoso, Ltd";"14";"0";"9";"83.1600";"32";"8";"86"
"2009-01-03";"1";"Contoso Seattle No.1 Store";"703";"Proseware Laser Jet Color Printer X300 White";"White";" 6.4 x 11.4 x 17.2";"Proseware, Inc.";"15";"0";"12";"69.2500";"59";"20";"104"
"2009-01-03";"1";"Contoso Seattle No.1 Store";"746";"Contoso Notebook Peripheral Kit M69 Black";"Black";"17.5 x 13.1 x 6.1";"Contoso, Ltd";"21";"0";"6";"7.5900";"50";"50";"105"
"2009-01-03";"1";"Contoso Seattle No.1 Store";"749";"Contoso Laptop Starter Bundle M200 Black";"Black";"17 x 11.7 x 6";"Contoso, Ltd";"22";"3";"9";"7.5900";"17";"45";"84"
"2009-01-03";"1";"Contoso Seattle No.1 Store";"844";"Contoso Bright Light battery E20 Pink";"Pink";"N/A";"Contoso, Ltd";"14";"0";"6";"13.7100";"33";"35";"71"
"2009-01-03";"1";"Contoso Seattle No.1 Store";"888";"Contoso Bluetooth Notebook Mouse E70 White";"White";"N/A";"Contoso, Ltd";"20";"1";"12";"25.4900";"58";"40";"99"
"2009-01-03";"1";"Contoso Seattle No.1 Store";"914";"SV 160GB USB2.0 Portable Hard Disk M65 Grey";"Grey";"N/A";"Southridge Video";"21";"0";"6";"44.1000";"53";"42";"111"
"2009-01-03";"1";"Contoso Seattle No.1 Store";"951";"A. Datum Consumer Digital Camera E100 Black";"Black";"3.5 x 0.9 x 2.2";"A. Datum Corporation";"14";"0";"6";"143.2600";"65";"48";"71"
"2009-01-03";"1";"Contoso Seattle No.1 Store";"1013";"A. Datum Full Frame Digital Camera X300 Orange";"Orange";"3.9 x 1.1 x 2.4";"A. Datum Corporation";"14";"0";"3";"76.5300";"79";"6";"99"
"2009-01-03";"1";"Contoso Seattle No.1 Store";"1030";"A. Datum Slim Digital Camera M180 Azure";"Azure";"4.1 x 2.4 x 1.1";"A. Datum Corporation";"21";"8";"3";"68.0600";"70";"13";"116"
"2009-01-03";"1";"Contoso Seattle No.1 Store";"1038";"A. Datum Bridge Digital Camera M300 Azure";"Azure";"3.8 x 2.3 x 1.1";"A. Datum Corporation";"15";"0";"3";"85.9500";"36";"58";"98"
"2009-01-03";"1";"Contoso Seattle No.1 Store";"1054";"A. Datum SLR Camera M137 Grey";"Grey";"8 x 8 x 6.5";"A. Datum Corporation";"19";"0";"3";"143.4800";"67";"47";"109"
"2009-01-03";"1";"Contoso Seattle No.1 Store";"1063";"A. Datum SLR Camera 35in M358 Gold";"Gold";"3.4 x 4.6 x 3.3 ";"A. Datum Corporation";"19";"0";"9";"155.4300";"72";"48";"98"
"2009-01-03";"1";"Contoso Seattle No.1 Store";"1069";"A. Datum SLR Camera 35in X358 Blue";"Blue";"4 x 4 x 4 ";"A. Datum Corporation";"20";"1";"6";"194.8200";"38";"24";"65"
"2009-01-03";"1";"Contoso Seattle No.1 Store";"1083";"Contoso SLR Camera 35in M358 Silver";"Silver";"3.45 x 4.8 x 3.3 ";"Contoso, Ltd";"19";"0";"12";"164.6300";"42";"50";"84"
"2009-01-03";"1";"Contoso Seattle No.1 Store";"1102";"Contoso SLR Camera M145 Blue";"Blue";"3.5 x 5 x 3.3 ";"Contoso, Ltd";"19";"0";"3";"157.7300";"50";"22";"97"
"2009-01-03";"1";"Contoso Seattle No.1 Store";"1104";"Contoso SLR Camera X146 Orange";"Orange";"3.4 x 4.8 x 3.3 ";"Contoso, Ltd";"19";"0";"9";"141.4700";"37";"43";"118"
"2009-01-03";"1";"Contoso Seattle No.1 Store";"1114";"Fabrikam SLR Camera M147 Silver";"Silver";"2.6  x 5.4  x 2.8 ";"Fabrikam, Inc.";"19";"0";"3";"153.5900";"56";"37";"87"
